ID,Full Name,NIC,Phone,District,Date,Comment
"SL-PET-10463","වසන්ත කුමාරසිංහ (Wasantha Kumarasinghe)","19*****820","0773910294","colombo","2026-09-22T09:50:00.000Z","ගරු ජනාධිපතිතුමනි, කරුණාවෙන් සලකා බලන්න."
"SL-PET-10464","රොෂාන් සෙනෙවිරත්න (Roshan Senevirathne)","19*****918","0714910294","overseas","2026-09-22T09:45:10.000Z","ඕස්ට්‍රේලියාවේ සිටින අප සැමගේ සහයෝගය."
"SL-PET-10465","හර්ෂ විජේතුංග (Harsha Wijethunga)","19*****820","0781920394","overseas","2026-09-22T09:40:00.000Z","ඩුබායි සිට ශ්‍රී ලාංකික අපේ පූර්ණ සහයෝගය."
"SL-PET-10466","දර්ශන බණ්ඩාර (Darshana Bandara)","19*****918","0764910293","anuradhapura","2026-09-22T09:35:45.000Z","අපි සියලු දෙනාම පෙත්සම සමග අත්වැල් බැඳගනිමු."
"SL-PET-10467","ඩබ්. ඒ. දයානන්ද (W. A. Dayananda)","19*****820","0772910482","matara","2026-09-22T09:30:10.000Z","සාධාරණත්වය ඉටු කරන්න."
"SL-PET-10468","ජයන්ත වික්‍රමසිංහ (Jayantha Wickramasinghe)","19*****819","0713910294","galle","2026-09-22T09:25:20.000Z","සමාව ලබා දී උන්වහන්සේ මුදාහරින්න."
"SL-PET-25123","Lomitha Liyanage","20*****147","0718767686","ratnapura","2026-09-22T09:22:48.605Z",""
"SL-PET-49488","R.pangngnanada himi","96*****33V","0717554468","colombo","2026-09-22T09:22:06.792Z","නිදහස් විය යුතු හිමි නමකි"
"SL-PET-40903","එන්.සුමනරතනාලංකාර හිමි","85*****79V","0775328922","polonnaruwa","2026-09-22T09:21:29.535Z",""
"SL-PET-10469","අතුල කරුණාරත්න (Athula Karunarathne)","19*****820","0701920482","kurunegala","2026-09-22T09:20:00.000Z","ඥානසාර හිමියන් වෙනුවෙන් අපේ අත්සන."
"SL-PET-13694","Gayan Gamage","19*****110","773081400","colombo","2026-09-22T09:18:13.221Z",""
"SL-PET-91566","සිතුම් රුවන්පතිරන","20*****633","+94759010960","matara","2026-09-22T09:15:54.909Z",""
"SL-PET-10470","ආරියරත්න කවිරත්න (Ariyarathne Kawirathne)","19*****918","0784910294","kalutara","2026-09-22T09:15:30.000Z","ප්‍රජාතන්ත්‍රවාදී හඬට කන් දෙන්න."
"SL-PET-39543","H P Dilhani Niranjala","19*****532","0772145597","gampaha","2026-09-22T09:14:53.749Z",""
"SL-PET-15741","B A sandeepa dulshan","20*****099","0777492727","kalutara","2026-09-22T09:13:24.534Z",""
"SL-PET-81316","Amila Sanjeewa","87*****26V","0766647905","colombo","2026-09-22T09:11:30.959Z",""
"SL-PET-63078","රුවන් ද සිල්වා","63*****19V","0777764163","gampaha","2026-09-22T09:11:11.599Z","ගරු ජනාධිපතිතුමනි. නිදහස ලබාදෙන ලෙස කාරුණිකව ඉල්ලා සිටිමි."
"SL-PET-57660","ගීත් කාවින්ද පෙරේරා","92*****49V","0759880680","colombo","2026-09-22T09:10:53.085Z","සුවපත් වේවා"
"SL-PET-14967","දිලිප් චාමර මදනායක","91*****95V","0714327103","galle","2026-09-22T09:10:24.731Z",""
"SL-PET-10471","චතුරංග වීරසිංහ (Chathuranga Weerasinghe)","19*****820","0762910482","kandy","2026-09-22T09:10:15.000Z","උතුම් දළදා සමිඳු පිහිටෙන් නිදහස ලැබේවා."
"SL-PET-22797","R P Roshan Wasantha","80*****40V","0762418846","gampaha","2026-09-22T09:09:50.700Z",""
"SL-PET-27581","ගිගුම්මඩුවේ විමලබුද්දි","19*****538","0777771115","colombo","2026-09-22T09:08:58.326Z",""
"SL-PET-92270","මේනක මුදිත බණ්ඩාර","94*****06V","0770775813","polonnaruwa","2026-09-22T09:07:05.739Z","මගේ ප්‍රාර්ථනාව - සියලු සත්වයන් සුවසේ වෙසෙත්වා!"
"SL-PET-10472","අනුර දිසානායක (Anura Dissanayake)","19*****829","0712910482","gampaha","2026-09-22T09:05:40.000Z","පෙත්සම සාර්ථක වේවා!"
"SL-PET-69882","වතුරාව මානගෙයි සම්පත් දිනූෂ වීරමුණි","19*****790","0703020888","gampaha","2026-09-22T09:04:23.057Z","රට ජාතිය ආගම වෙනුවෙන් හඬක් නැගූ අපේ හාමුදුරුවන්ට ඉක්මනින් නිදහස ලැබේවා"
"SL-PET-62807","K.B.S.R Bandara","78*****89V","0755841299","colombo","2026-09-22T09:02:41.021Z",""
"SL-PET-82608","Chamindu Jayalath","96*****75V","0717208983","galle","2026-09-22T09:02:20.750Z",""
"SL-PET-54419","නීලක සමන්","88*****15V","0778124845","kurunegala","2026-09-22T09:00:52.103Z","නිදහස රැගෙන නැවැත මහන වෙත්වා"
"SL-PET-30800","Badulle Samahitha Thero","19*****055","0772436282","galle","2026-09-22T09:00:36.142Z",""
"SL-PET-10473","තිළිණ ප්‍රනාන්දු (Thilina Fernando)","19*****918","0774910293","colombo","2026-09-22T09:00:20.000Z","අධිකරණ තීන්දුවලට ගරු කරමින්ම ජනාධිපති සමාව අයදිමු."
"SL-PET-94598","KBD Lakshan","98*****25V","0773015467","trincomalee","2026-09-22T08:59:05.924Z","සියලු සත්වයෝ සුවපත් වේවා .."
"SL-PET-77005","අනෝමා ප්‍රේමරත්න","81*****11V","0771612152","ratnapura","2026-09-22T08:57:35.714Z","සමාව දෙන්න කරුණාකර හාමුදුරුවන්ට"
"SL-PET-39112","Tharanga Kuruppu Arachchige","74*****50V","0435194428","colombo","2026-09-22T08:55:16.601Z","දැනට පදිංච්ය Australia but ද්ව්ත්ව පුරවැසිකම හිමියි Home town Angulana Moratuwa"
"SL-PET-10474","සම්පත් ලියනගේ (Sampath Liyanage)","19*****820","0704910294","trincomalee","2026-09-22T08:55:00.000Z","ත්‍රිවිධ හමුදා හා පුරවැසි ප්‍රජාවේ සුභපැතුම්."
"SL-PET-17376","A.w amalsha udeen","19*****354","0753775147","galle","2026-09-22T08:53:35.390Z","ජාතික සමගිය වෙනුවෙන් හා අන්තවාදීන්ට විරුධව ගෙන ගිය වැඩ පිලිවෙල සලකා බලා සමාව දෙන්න"
"SL-PET-66646","Weerasekara Thathsara Dasantha","20*****949","0768128984","galle","2026-09-22T08:53:16.405Z","මගේ අදහස නම් හාමුදුරුවෝ බුද්ධ ශාසනයේ චිරස්ථිතිය උදෙසා කැප කිරීම් කළ ස්වාමීන් වහන්සේ නමක්."
"SL-PET-42493","රන්ජීව විජයතුංග","78*****19V","0420629165","colombo","2026-09-22T08:53:06.941Z",""
"SL-PET-37060","A.M. Thushara Sanjeewa Aththanayaka","19*****191","0779092305","ratnapura","2026-09-22T08:52:18.592Z","උන්වහන්සේට ඉක්මනින් ජනාධිපති සමාව හිමිවේවා.."
"SL-PET-11217","ප්‍රජා හිතකාමී පුරවැසි (Citizen)","74*****58V","0765713331","colombo","2026-09-22T08:51:35.994Z",""
"SL-PET-20670","Ranil Lasantha","88*****18V","0778683037","galle","2026-09-22T08:50:26.062Z",""
"SL-PET-10475","ධම්මික හේරත් (Dhammika Herath)","19*****820","0782910492","ampara","2026-09-22T08:50:10.000Z","නැගෙනහිර පළාතේ ජනතාවගේ පූර්ණ සහයෝගය."
"SL-PET-47995","පේරමණ්ඩියේ ඉන්දරතන හිමි","91*****89V","0712117345","gampaha","2026-09-22T08:50:00.194Z",""
"SL-PET-10476","සරත් මොනරවිල (Sarath Monarawila)","19*****948","0723910294","monaragala","2026-09-22T08:45:30.000Z","දුෂ්කර ගම්මානවල පුරවැසියන්ගේ හඬ."
"SL-PET-10477","ජීවන්ත රොද්‍රිගෝ (Jeevantha Rodrigo)","19*****820","0761920394","nuwaraeliya","2026-09-22T08:40:15.000Z","සියලු ජනතාව වෙනුවෙන් ජනාධිපති සමාව ඉල්ලමු."
"SL-PET-17110","තිත්තගල්ලෙ ආනදසිරි හිමි","87*****97V","0776752816","galle","2026-09-22T08:35:11.643Z","නිදහස"
"SL-PET-10478","නිහාල් ජයවර්ධන (Nihal Jayawardena)","19*****820","0773910294","polonnaruwa","2026-09-22T08:32:00.000Z","ඓතිහාසික පෙත්සමට මාගේ පුරවැසි අත්සන."
"SL-PET-10479","කසුන් මදුශංක (Kasun Madushanka)","19*****910","0714910294","puttalam","2026-09-22T08:25:10.000Z","තරුණ පරපුරේ හඬ, උන්වහන්සේ නිදහස් කරන්න."
"SL-PET-10480","මහින්ද සිරිවර්ධන (Mahinda Siriwardena)","19*****829","0781920491","hambantota","2026-09-22T08:18:30.000Z","අපගේ සහයෝගය නිරතුරුවම උන්වහන්සේ සමගයි."
"SL-PET-10481","ලක්ෂ්මන් රණවීර (Lakshman Ranaweera)","19*****920","0702910482","matale","2026-09-22T08:10:45.000Z","ඥානසාර හිමියන්ට නිදහස ලබාදෙන්න."
"SL-PET-10482","කුමාර පතිරණ (Kumara Pathirana)","19*****918","0763910294","kegalle","2026-09-22T08:00:22.000Z","ජාතික සමගිය සහ නිදහස පතා පෙත්සමට අත්සන් කරමි."
"SL-PET-10483","අසංක ධර්මප්‍රිය (Asanka Dharmapriya)","19*****810","0771029481","badulla","2026-09-22T07:50:00.000Z","සාමකාමී සමාජයක් වෙනුවෙන් උන්වහන්සේට සමාව ඉල්ලමු."
"SL-PET-10484","රංජිත් අබේසේකර (Ranjith Abeysekara)","19*****820","0712948102","ratnapura","2026-09-22T07:40:15.000Z","ජනාධිපති සමාව ලබා දෙන්න."
"SL-PET-10485","ප්‍රදීප් චන්දන (Pradeep Chandana)","19*****948","0754910294","matara","2026-09-22T07:25:40.000Z","අත්සන් ලක්ෂ 50 කට මාගේ අත්සනද එක් කළෙමි."
"SL-PET-10486","ඩී. එම්. සෝමරත්න (D. M. Somarathne)","19*****948","0783920194","anuradhapura","2026-09-22T07:12:30.000Z","උතුම් ශාසන මෙහෙවර උදෙසා උන්වහන්සේ නිදහස් කරන්න."
"SL-PET-10487","රවින්ද්‍ර කුමාර (Ravindra Kumara)","19*****039","0774910293","galle","2026-09-22T07:05:12.000Z","කඩිනමින් නිදහස ලබාදීමට පෙත්සමට අත්සන් තබමි."
"SL-PET-10488","චමින්ද විජේසූරිය (Chaminda Wijesooriya)","19*****819","0718392019","kurunegala","2026-09-22T06:45:00.000Z","ගරු ජනාධිපතිතුමනි, සාධාරණ තීන්දුවක් ලබා දෙන්න."
"SL-PET-10489","එම්. ඩී. නිමල් පෙරේරා (M. D. Nimal Perera)","19*****823","0703819204","kalutara","2026-09-22T06:30:10.000Z","අපේ සහයෝගය උන්වහන්සේ වෙනුවෙන් නිරතුරුවම ඇත."
"SL-PET-10490","ජගත් ජයසිංහ (Jagath Jayasinghe)","19*****821","0761920481","kandy","2026-09-22T06:22:40.000Z","ලක්ෂ 50 ක මහජන හඬට සවන් දෙන්න."
"SL-PET-10491","කේ. ආර්. ගුණසේකර (K. R. Gunasekara)","19*****948","0772910492","gampaha","2026-09-22T06:18:15.000Z","ජාතියේ යුතුකම ඉටු කරමු. උන්වහන්සේට වහාම නිදහස ලබාදෙන්න."
"SL-PET-10492","සුනිල් ශාන්ත බණ්ඩාර (Sunil Shantha Bandara)","19*****842","0714829104","colombo","2026-09-22T06:14:20.000Z","උන්වහන්සේ වෙනුවෙන් කඩිනම් ජනාධිපති සමාව ඉල්ලා සිටිමු."
